Fever,Cough,Fatigue,BloodPressure,SugarLevel,Disease
0,0,0,90,188,1
1,1,1,108,91,1
0,1,0,91,107,0
0,1,0,142,178,1
0,1,1,133,120,0
1,1,0,179,77,1
0,1,1,121,96,0
0,1,1,159,96,0
0,1,1,121,90,0
1,0,0,157,99,0
0,1,0,144,166,1
0,0,0,164,97,0
0,1,0,145,180,1
0,1,0,106,130,0
1,0,0,127,117,0
0,1,0,113,216,1
1,0,1,158,73,0
1,1,0,159,104,1
1,1,1,175,118,1
0,0,0,100,86,0
1,1,0,105,115,1
0,0,0,162,186,1
1,1,1,148,75,1
1,0,1,159,168,1
1,0,1,169,193,1
1,1,1,92,106,1
1,1,0,109,93,1
1,0,1,148,162,1
1,1,0,125,115,1
1,1,0,108,164,1
0,1,1,179,168,1
0,0,1,156,185,1
1,0,1,108,136,0
1,0,1,109,197,1
1,0,1,160,87,0
0,0,1,141,94,0
1,0,1,122,123,0
0,0,1,129,127,0
0,0,0,128,136,0
0,0,1,171,173,1
0,1,1,90,93,0
0,0,0,100,183,1
1,1,1,146,101,1
1,1,0,178,155,1
1,1,0,139,196,1
1,0,1,112,199,1
1,0,0,120,86,0
0,0,0,131,173,1
1,0,0,96,206,1
1,1,0,105,112,1
0,0,1,179,108,0
1,0,0,149,95,0
0,0,1,91,168,1
1,0,0,90,119,0
0,0,0,137,82,0
1,1,0,101,129,1
1,0,0,158,204,1
0,1,1,126,126,0
0,0,1,121,105,0
0,1,0,98,89,0
0,0,0,108,134,0
0,0,1,137,77,0
0,1,0,169,213,1
0,1,0,92,211,1
0,1,0,109,184,1
1,0,1,113,212,1
1,1,1,143,161,1
0,0,1,122,167,1
1,0,0,113,135,0
1,1,0,164,101,1
1,1,1,161,155,1
1,0,1,125,120,0
0,0,1,127,132,0
1,1,1,173,194,1
0,1,0,178,219,1
1,1,1,114,127,1
1,0,0,107,127,0
1,0,1,171,155,1
0,0,0,155,118,0
1,0,1,143,139,0
0,0,1,124,84,0
1,0,1,169,123,0
0,1,1,150,170,1
1,0,0,130,77,0
0,0,1,122,122,0
0,0,0,157,129,0
1,1,0,122,177,1
0,0,0,103,74,0
1,0,0,110,172,1
1,1,1,137,75,1
1,0,0,109,178,1
1,0,0,97,185,1
1,0,0,96,163,1
1,0,1,156,116,0
1,0,1,106,168,1
1,1,1,122,124,1
1,1,1,137,121,1
1,1,0,165,213,1
1,0,0,148,82,0
0,0,1,175,183,1
