Experience_Years,Training_Hours,Projects_Completed,Attendance_Percentage,Overtime_Hours,Team_Meetings,Client_Feedback,Salary,Productivity_Score
1,20,2,85,10,5,70,25000,55
2,25,3,88,12,6,72,28000,60
3,30,4,90,14,7,75,32000,65
4,35,5,91,15,8,78,36000,70
5,40,6,92,16,9,80,40000,75
6,45,7,93,17,10,82,45000,80
7,50,8,94,18,11,84,50000,85
8,55,9,95,19,12,86,55000,90
9,60,10,96,20,13,88,60000,95
10,65,11,97,21,14,90,65000,100
11,70,12,98,22,15,92,70000,105
12,75,13,98,23,16,94,75000,110
13,80,14,99,24,17,95,80000,115
14,85,15,99,25,18,96,85000,120
15,90,16,100,26,19,97,90000,125
16,95,17,100,27,20,98,95000,130
17,100,18,100,28,21,99,100000,135
18,105,19,100,29,22,100,105000,140
19,110,20,100,30,23,100,110000,145
20,115,21,100,31,24,100,115000,150
